[{"model": "Posts.post", "pk": 24, "fields": {"title": "University isn’t right for everyone. Pushing young people to go can have devastating effects", "content": "<p><span style=\"color: rgb(0,0,0);background-color: rgb(255,255,255);font-size: 18px;font-family: Arial;\">Australian school students feel immense pressure to go to university, often at the exclusion of all other pathways, which can lead to devastating mental health effects.</span></p>\n<p><span style=\"color: rgb(0,0,0);background-color: rgb(255,255,255);font-size: 18px;font-family: Arial;\">That’s among the headline findings of our decade-long program of research on the aspirations and post-school trajectories of young Australians.</span></p>\n<p><span style=\"color: rgb(0,0,0);background-color: rgb(255,255,255);font-size: 18px;font-family: Arial;\">Our research, published today in the journal Educational Review, reveals the unintended consequences of government higher education policies, inadequate school career advice, and a wider public devaluing of the vocational education and training sector.</span></p>\n<p><br><span style=\"color: rgb(0,0,0);background-color: rgb(255,255,255);font-size: 24px;font-family: Arial;\"><strong>Our research</strong></span></p>\n<p><span style=\"color: rgb(0,0,0);background-color: rgb(255,255,255);font-size: 18px;font-family: Arial;\">Since 2012, we’ve conducted one of the largest studies to date on the aspirations of Australian youth, involving more than 10,000 students in Years 3-12.</span></p>\n<p><span style=\"color: rgb(0,0,0);background-color: rgb(255,255,255);font-size: 18px;font-family: Arial;\">Recently, we followed up with 50 of these young people post-school to see where they ended up in terms of their career and educational pathways.</span></p>\n<p><span style=\"color: rgb(0,0,0);background-color: rgb(255,255,255);font-size: 18px;font-family: Arial;\">Our findings reveal some significant and, at times, devastating insights into how young Australians – particularly those from underrepresented backgrounds – have experienced the “push” towards higher education.</span></p>\n<p></p>\n<img src=\"https://images.theconversation.com/files/547108/original/file-20230908-19-vuv5u4.jpg?ixlib=rb-4.1.0&q=45&auto=format&w=1000&fit=clip\" alt=\"undefined\" style=\"height: auto;width: auto\"/>\n<p></p>\n<p><span style=\"color: rgb(0,0,0);background-color: rgb(255,255,255);font-size: 24px;font-family: Arial;\"><strong>Pressure to attend university and the devaluing of TAFE</strong></span></p>\n<p><span style=\"color: rgb(0,0,0);background-color: rgb(255,255,255);font-size: 18px;font-family: Arial;\">The young people in our research consistently said university was explicitly pushed as the only post-school pathway worth pursuing during their schooling. Other pathways were often deemed to be “not good enough”. One university graduate told us:</span><br><span style=\"color: rgb(0,0,0);background-color: rgb(255,255,255);font-size: 18px;font-family: Arial;\">\"</span><span style=\"color: rgb(75,75,78);background-color: rgb(255,255,255);font-size: 18px;font-family: Arial;\"><em>I think there’s quite a lot actually of […] pressure given, not from all teachers, but some teachers, to really go towards higher education […] I’d say I felt pressured as a group, or as like, as a generation […] I just think that was just an overarching expectation.\"</em></span></p>\n<p><span style=\"color: rgb(0,0,0);background-color: rgb(255,255,255);font-size: 18px;font-family: Arial;\">This pressure frustrated some students. Angus* fulfilled his dream of becoming a chef by training at TAFE and eventually working in a top restaurant in London. In his first interview in 2014 he described restaurants as a place he “fits in”.</span></p>\n<p style=\"text-align:start;\"><span style=\"color: rgb(0,0,0);background-color: rgb(255,255,255);font-size: 18px;font-family: Arial;\">However, he also told us he had been repeatedly told by his teachers that “cheffing’s a horrible job”:</span><br><span style=\"color: rgb(0,0,0);background-color: rgb(255,255,255);font-size: 18px;font-family: Arial;\">\"</span><span style=\"color: rgb(75,75,78);background-color: rgb(255,255,255);font-size: 18px;font-family: Arial;\"><em>Almost every teacher at my school wanted to push me into their career path, [and I was told], ‘You’re very smart […] you should go to uni’ [otherwise I] might not become successful […] They always pushed me towards university. Regardless of what my feelings were, to be honest, I never felt truly supported by my career adviser.\"</em></span><br><br><span style=\"color: rgb(0,0,0);background-color: rgb(255,255,255);font-size: 24px;font-family: Arial;\"><strong>Limited career education in school</strong></span></p>\n<p style=\"text-align:start;\"><span style=\"color: rgb(0,0,0);background-color: rgb(255,255,255);font-size: 18px;font-family: Arial;\">Young people also overwhelmingly said the career education provided at school was unhelpful, impersonal, and pushed them towards university.</span></p>\n<p style=\"text-align:start;\"><span style=\"color: rgb(0,0,0);background-color: rgb(255,255,255);font-size: 18px;font-family: Arial;\">Career guidance was mainly focused on achieving a high ATAR (university entrance rank), with one student describing how her career adviser spent “more time trying to calculate my ATAR than imparting actual advice”.</span></p>\n<p style=\"text-align:start;\"><span style=\"color: rgb(0,0,0);background-color: rgb(255,255,255);font-size: 18px;font-family: Arial;\">Alternative entry pathways into university often weren’t openly discussed or fully understood. Such pathways were often devalued in favour of achieving the best ATAR possible. One young person told us:</span><br><span style=\"color: rgb(0,0,0);background-color: rgb(255,255,255);font-size: 18px;font-family: Arial;\">\"</span><span style=\"color: rgb(75,75,78);background-color: rgb(255,255,255);font-size: 18px;font-family: Arial;\"><em>I think with the pressure in schools on ATARs and that sort of thing – and they have to put that pressure on because they want you to do well. But it sort of develops a stigma around, well, if I don’t do Year 11 and 12 […], then I can’t get into university, without [young people understanding] there’s actually [alternative] pathways.\"</em></span></p>\n<p></p>\n<img src=\"https://images.theconversation.com/files/547109/original/file-20230908-17-efu6e7.jpg?ixlib=rb-4.1.0&q=45&auto=format&w=1000&fit=clip\" alt=\"undefined\" style=\"height: auto;width: auto\"/>\n<p><br><br><span style=\"color: rgb(0,0,0);background-color: rgb(255,255,255);font-size: 24px;font-family: Arial;\"><strong>Stress and poor mental health</strong></span><br><span style=\"color: rgb(0,0,0);background-color: rgb(255,255,255);font-size: 18px;font-family: Arial;\">Many young people therefore felt high levels of stress and poor mental health during the final years of high school and the beginning of university, with some “losing the plot” or feeling “burnt out”.</span></p>\n<p><span style=\"color: rgb(0,0,0);background-color: rgb(255,255,255);font-size: 18px;font-family: Arial;\">The most extreme mental ill health reported in our interviews was experienced by Dahlia, a young Indigenous woman.</span></p>\n<p><span style=\"color: rgb(0,0,0);background-color: rgb(255,255,255);font-size: 18px;font-family: Arial;\">When we first spoke to her in 2016, she was a high achieving Year 11 student with aspirations to become a criminal psychologist.</span></p>\n<p style=\"text-align:start;\"><span style=\"color: rgb(0,0,0);background-color: rgb(255,255,255);font-size: 18px;font-family: Arial;\">When we next spoke to her in 2021, she described how the pressure of Year 12 caused her to drop out of school. During this year, Dahlia had severe mental ill health and made an attempt to end her life.</span></p>\n<p><span style=\"color: rgb(0,0,0);background-color: rgb(255,255,255);font-size: 18px;font-family: Arial;\">She later completed a traineeship in early childhood and care, before entering university to study a combined degree in primary and early childhood teaching. Dahlia was eager for her experience to be a warning about the pressure and stress of Year 12 exams:</span><br><span style=\"color: rgb(0,0,0);background-color: rgb(255,255,255);font-size: 18px;font-family: Arial;\">\"</span><span style=\"color: rgb(75,75,78);background-color: rgb(255,255,255);font-size: 18px;font-family: Libre Baskerville;\"><em>It was just a burn out, like, I was just so overwhelmed. I felt like I was so pressured to do the best and I felt like I wasn’t the best […] then I’d get anxiety about not being as good as everyone thinks I am […] that’s why I really wanted to do this interview, because I wanted to put it out there that high school is not the be all, end all […] getting that high [Year 12] mark isn’t the be all, end all.</em></span><span style=\"color: rgb(0,0,0);background-color: rgb(255,255,255);font-size: 18px;font-family: Arial;\">\"</span></p>\n<p style=\"text-align:start;\"><span style=\"color: rgb(0,0,0);background-color: rgb(255,255,255);font-size: 23px;font-family: Arial;\"><strong>Where to from here?</strong></span></p>\n<p style=\"text-align:start;\"><span style=\"color: rgb(0,0,0);background-color: rgb(255,255,255);font-size: 18px;font-family: Arial;\">The pressure to attend university compounds stress and poor mental health for some young people. This isn’t surprising given the transition to adulthood is the peak period for the</span> <a href=\"https://onlinelibrary.wiley.com/doi/10.5694/mja2.51327\" target=\"_self\"><span style=\"color: rgb(75,75,78);background-color: rgb(255,255,255);font-size: 18px;font-family: Arial;\"><ins>onset of mental disorders</ins></span></a><span style=\"color: rgb(0,0,0);background-color: rgb(255,255,255);font-size: 18px;font-family: Arial;\">.</span></p>\n<p style=\"text-align:start;\"><span style=\"color: rgb(0,0,0);background-color: rgb(255,255,255);font-size: 18px;font-family: Arial;\">We must urgently address the limited career education available to students and the narrow version of success linked to</span> <a href=\"https://theconversation.com/they-dont-expect-a-lot-of-me-they-just-want-me-to-go-to-uni-first-in-family-students-show-how-we-need-a-broader-definition-of-success-in-year-12-196284\" target=\"_self\"><span style=\"color: rgb(75,75,78);background-color: rgb(255,255,255);font-size: 18px;font-family: Arial;\"><ins>Year 12 exams and the ATAR</ins></span></a> <span style=\"color: rgb(0,0,0);background-color: rgb(255,255,255);font-size: 18px;font-family: Arial;\">in schools and society.</span></p>\n<p style=\"text-align:start;\"><span style=\"color: rgb(0,0,0);background-color: rgb(255,255,255);font-size: 18px;font-family: Arial;\">This would involve:</span></p>\n<ul>\n<li style=\"margin-left:0px;\"><span style=\"color: rgb(0,0,0);background-color: transparent;font-size: 18px;font-family: Arial;\">providing adequate training and resources to schools and career advisers</span></li>\n<li style=\"margin-left:0px;\"><span style=\"color: rgb(0,0,0);background-color: transparent;font-size: 18px;font-family: Arial;\">raising the status of vocational education and careers; and</span></li>\n<li><span style=\"color: rgb(0,0,0);background-color: transparent;font-size: 18px;font-family: Arial;\">valuing alternative pathways to university, such as</span> <a href=\"https://theconversation.com/what-are-enabling-programs-how-do-they-help-australians-get-to-uni-210269\" target=\"_self\"><span style=\"color: rgb(75,75,78);background-color: transparent;font-size: 18px;font-family: Arial;\"><ins>enabling programs</ins></span></a><span style=\"color: rgb(0,0,0);background-color: transparent;font-size: 18px;font-family: Arial;\">.</span><br></li>\n</ul>\n<p></p>\n<img src=\"https://images.theconversation.com/files/547107/original/file-20230908-29-c5ry5k.jpg?ixlib=rb-4.1.0&q=45&auto=format&w=1000&fit=clip\" alt=\"undefined\" style=\"height: auto;width: auto\"/>\n<p></p>\n<p style=\"text-align:start;\"><a href=\"https://www.education.gov.au/australian-universities-accord/resources/accord-interim-report\" target=\"_self\"><span style=\"color: rgb(75,75,78);background-color: rgb(255,255,255);font-size: 18px;font-family: Libre Baskerville;\"><ins>The Universities Accord</ins></span></a> <span style=\"color: rgb(0,0,0);background-color: rgb(255,255,255);font-size: 18px;font-family: Libre Baskerville;\">(a major federal government-led review that seeks to “reimagine” higher education for the next 30 years) provides an opportunity to change the lives and trajectories of Australian students. Ensuring the higher education sector is fair and equitable is at the heart of this process.</span></p>\n<p style=\"text-align:start;\"><span style=\"color: rgb(0,0,0);background-color: rgb(255,255,255);font-size: 18px;font-family: Libre Baskerville;\">Its</span> <a href=\"https://www.education.gov.au/australian-universities-accord/resources/accord-interim-report\" target=\"_self\"><span style=\"color: rgb(75,75,78);background-color: rgb(255,255,255);font-size: 18px;font-family: Libre Baskerville;\"><ins>interim report</ins></span></a> <span style=\"color: rgb(0,0,0);background-color: rgb(255,255,255);font-size: 18px;font-family: Libre Baskerville;\">claims that “too few Australians are going to university.” This is based on estimates that more than 50% of new jobs in the next five years will require a university degree.</span></p>\n<p style=\"text-align:start;\"><span style=\"color: rgb(0,0,0);background-color: rgb(255,255,255);font-size: 18px;font-family: Libre Baskerville;\">However, the skills gap is even greater in technician and trade careers</span> <a href=\"https://www.nationalskillscommission.gov.au/sites/default/files/2022-10/2022%20SPL%20Key%20Findings%20Report%20-%206%20October%202022_0.pdf\" target=\"_self\"><span style=\"color: rgb(75,75,78);background-color: rgb(255,255,255);font-size: 18px;font-family: Libre Baskerville;\"><ins>than professional occupations</ins></span></a><span style=\"color: rgb(0,0,0);background-color: rgb(255,255,255);font-size: 18px;font-family: Libre Baskerville;\">.</span></p>\n<p style=\"text-align:start;\"><span style=\"color: rgb(0,0,0);background-color: rgb(255,255,255);font-size: 18px;font-family: Libre Baskerville;\">This means the spotlight can’t only be on universities; a focus on vocational education and training pathways (such as TAFE) is crucial too.</span></p>\n<p style=\"text-align:start;\"><span style=\"color: rgb(0,0,0);background-color: rgb(255,255,255);font-size: 18px;font-family: Libre Baskerville;\">To confront the challenges of the coming century, we need a broader public conversation about the place of tertiary education – not just university – and the diverse educational and career pathways available.</span></p>", "created_at": "2024-05-24T08:43:35.414Z", "updated_at": "2024-05-28T12:07:06.854Z", "author": 22, "status": "draft"}}, {"model": "Posts.post", "pk": 25, "fields": {"title": "As the mental health crisis in children and teens worsens, the dire shortage of mental health providers is preventing young people from getting the help they need", "content": "<p style=\"text-align:start;\"><span style=\"color: rgb(0,0,0);background-color: rgb(255,255,255);font-size: 18px;font-family: Arial;\">The hospital where I practice recently admitted a 14-year-old girl with</span><span style=\"font-family: Arial;\"> </span><a href=\"https://www.samhsa.gov/mental-health/post-traumatic-stress-disorder#\" target=\"_self\"><span style=\"color: rgb(75,75,78);background-color: rgb(255,255,255);font-size: 18px;font-family: Arial;\"><ins>post-traumatic stress disorder</ins></span></a><span style=\"color: rgb(0,0,0);background-color: rgb(255,255,255);font-size: 18px;font-family: Arial;\">, or PTSD, to our outpatient program. She was referred to us six months earlier, in October 2022, but at the time we were at capacity. Although we tried to refer her to several other hospitals, they too were full. During that six-month wait, she attempted suicide.</span></p>\n<p style=\"text-align:start;\"><span style=\"color: rgb(0,0,0);background-color: rgb(255,255,255);font-size: 18px;font-family: Arial;\">Unfortunately, this is an all-too-common story for young people with mental health issues. A 2021 survey of 88 children’s hospitals reported that they</span><span style=\"font-family: Arial;\"> </span><a href=\"https://www.cdc.gov/nchs/products/databriefs/db471.htm\" target=\"_self\"><span style=\"color: rgb(75,75,78);background-color: rgb(255,255,255);font-size: 18px;font-family: Arial;\"><ins>admit, on average, four teens per day</ins></span></a><span style=\"font-family: Arial;\"> </span><span style=\"color: rgb(0,0,0);background-color: rgb(255,255,255);font-size: 18px;font-family: Arial;\">to inpatient programs. At many of these hospitals, more children await help, but there are simply not enough services or psychiatric beds for them.</span></p>\n<p style=\"text-align:start;\"><span style=\"color: rgb(0,0,0);background-color: rgb(255,255,255);font-size: 18px;font-family: Arial;\">So these children languish, sometimes for days or even a week, in hospital emergency departments. This is not a good place for a young person coping with grave mental health issues and perhaps considering suicide. Waiting at home is not a good option either – the family is often unable or unwilling to deal with a child who is distraught or violent.</span></p>\n<p style=\"text-align:start;\"><span style=\"color: rgb(0,0,0);background-color: rgb(255,255,255);font-size: 18px;font-family: Arial;\">I am a</span><span style=\"font-family: Arial;\"> </span><a href=\"https://som.cuanschutz.edu/Profiles/Faculty/Profile/28534\" target=\"_self\"><span style=\"color: rgb(75,75,78);background-color: rgb(255,255,255);font-size: 18px;font-family: Arial;\"><ins>professor of psychiatry and pediatrics</ins></span></a><span style=\"font-family: Arial;\"> </span><span style=\"color: rgb(0,0,0);background-color: rgb(255,255,255);font-size: 18px;font-family: Arial;\">at the University of Colorado, where I founded and direct the</span><span style=\"font-family: Arial;\"> </span><a href=\"https://medschool.cuanschutz.edu/psychiatry/PatientCare/STARTcenter\" target=\"_self\"><span style=\"color: rgb(75,75,78);background-color: rgb(255,255,255);font-size: 18px;font-family: Arial;\"><ins>Stress, Trauma, Adversity Research and Treatment Center</ins></span></a><span style=\"color: rgb(0,0,0);background-color: rgb(255,255,255);font-size: 18px;font-family: Arial;\">. For 30 years, my practice has focused on youth stress and trauma.</span></p>\n<p style=\"text-align:start;\"><span style=\"color: rgb(0,0,0);background-color: rgb(255,255,255);font-size: 18px;font-family: Arial;\">Over those years, I have noticed that these young patients have become more aggressive and suicidal. They are sicker when compared to years past. And the</span><span style=\"font-family: Arial;\"> </span><a href=\"https://blogs.cdc.gov/nchs/2023/06/15/7396/#\" target=\"_self\"><span style=\"color: rgb(75,75,78);background-color: rgb(255,255,255);font-size: 18px;font-family: Arial;\"><ins>data backs up my observation</ins></span></a><span style=\"color: rgb(0,0,0);background-color: rgb(255,255,255);font-size: 18px;font-family: Arial;\">: From 2007 through 2021, suicide rates among young people ages 10 to 24 increased by 62%. From 2014 to 2021, homicide rates rose by 60%. The situation is so grim that in October 2021, health care professionals</span><span style=\"font-family: Arial;\"> </span><a href=\"https://www.aap.org/en/advocacy/child-and-adolescent-healthy-mental-development/aap-aacap-cha-declaration-of-a-national-emergency-in-child-and-adolescent-mental-health/\" target=\"_self\"><span style=\"color: rgb(75,75,78);background-color: rgb(255,255,255);font-size: 18px;font-family: Arial;\"><ins>declared a national emergency</ins></span></a><span style=\"font-family: Arial;\"> </span><span style=\"color: rgb(0,0,0);background-color: rgb(255,255,255);font-size: 18px;font-family: Arial;\">in child mental health.</span></p>\n<p style=\"text-align:start;\"><span style=\"color: rgb(0,0,0);background-color: rgb(255,255,255);font-size: 18px;font-family: Arial;\">Since then, the crisis has not abated; it’s only gotten worse. But there are</span><span style=\"font-family: Arial;\"> </span><a href=\"https://www.commonwealthfund.org/publications/explainer/2023/may/understanding-us-behavioral-health-workforce-shortage#\" target=\"_self\"><span style=\"color: rgb(75,75,78);background-color: rgb(255,255,255);font-size: 18px;font-family: Arial;\"><ins>not enough mental health professionals</ins></span></a><span style=\"font-family: Arial;\"> </span><span style=\"color: rgb(0,0,0);background-color: rgb(255,255,255);font-size: 18px;font-family: Arial;\">to meet the need.</span></p>\n<p><span style=\"color: rgb(0,0,0);background-color: rgb(255,255,255);font-size: 24px;font-family: Arial;\"><strong>The numbers behind the suffering</strong></span></p>\n<p style=\"text-align:start;\"><span style=\"color: rgb(0,0,0);background-color: rgb(255,255,255);font-size: 18px;font-family: Libre Baskerville\", serif;\">The American Academy of Child and Adolescent Psychiatry reported in May 2023 that there is a</span> <a href=\"https://www.aacap.org/aacap/zLatest_News/Severe_Shortage_Child_Adolescent_Psychiatrists_Illustrated_AACAP_Workforce_Maps.aspx\" target=\"_self\"><span style=\"color: rgb(75,75,78);background-color: rgb(255,255,255);font-size: 18px;font-family: Libre Baskerville\", serif;\"><ins>drastic shortage of child and adolescent psychiatrists</ins></span></a> <span style=\"color: rgb(0,0,0);background-color: rgb(255,255,255);font-size: 18px;font-family: Libre Baskerville\", serif;\">across the U.S.</span></p>\n<p style=\"text-align:start;\"><span style=\"color: rgb(0,0,0);background-color: rgb(255,255,255);font-size: 18px;font-family: Libre Baskerville\", serif;\">For every 100,000 children in the U.S. – with 1 in 5 of those children having a mental, emotional or behavioral disorder in a given year – there are only 14 child and adolescent psychiatrists available to treat them,</span> <a href=\"https://www.aacap.org/aacap/Advocacy/Federal_and_State_Initiatives/Workforce_Maps/Home.aspx\" target=\"_self\"><span style=\"color: rgb(75,75,78);background-color: rgb(255,255,255);font-size: 18px;font-family: Libre Baskerville\", serif;\"><ins>according to the American Academy of Child and Adolescent Psychiatry</ins></span></a><span style=\"color: rgb(0,0,0);background-color: rgb(255,255,255);font-size: 18px;font-family: Libre Baskerville\", serif;\">. At least three times as many are needed.</span></p>\n<p style=\"text-align:start;\"><span style=\"color: rgb(0,0,0);background-color: rgb(255,255,255);font-size: 18px;font-family: Libre Baskerville\", serif;\">There is also a significant shortage of child therapists – social workers, psychologists, licensed professional counselors – as well. This is particularly the case in</span> <a href=\"https://doi.org/10.1001/jamapediatrics.2018.5399\" target=\"_self\"><span style=\"color: rgb(75,75,78);background-color: rgb(255,255,255);font-size: 18px;font-family: Libre Baskerville\", serif;\"><ins>rural areas across the country</ins></span></a><span style=\"color: rgb(0,0,0);background-color: rgb(255,255,255);font-size: 18px;font-family: Libre Baskerville\", serif;\">.</span></p>\n<p style=\"text-align:start;\"><span style=\"color: rgb(0,0,0);background-color: rgb(255,255,255);font-size: 18px;font-family: Libre Baskerville\", serif;\">Studies show that young people in the U.S. are</span> <a href=\"https://www.pewresearch.org/social-trends/2019/02/20/most-u-s-teens-see-anxiety-and-depression-as-a-major-problem-among-their-peers/\" target=\"_self\"><span style=\"color: rgb(75,75,78);background-color: rgb(255,255,255);font-size: 18px;font-family: Libre Baskerville\", serif;\"><ins>increasingly stressed and traumatized</ins></span></a><span style=\"color: rgb(0,0,0);background-color: rgb(255,255,255);font-size: 18px;font-family: Libre Baskerville\", serif;\">. The</span> <a href=\"https://www.mayoclinic.org/healthy-lifestyle/tween-and-teen-health/in-depth/teens-and-social-media-use/art-20474437#\" target=\"_self\"><span style=\"color: rgb(75,75,78);background-color: rgb(255,255,255);font-size: 18px;font-family: Libre Baskerville\", serif;\"><ins>constant barrage of information</ins></span></a> <span style=\"color: rgb(0,0,0);background-color: rgb(255,255,255);font-size: 18px;font-family: Libre Baskerville\", serif;\">via social media and the demand to participate in it is complex, and interactions can be harmful to a child’s mental health.</span></p>\n<p style=\"text-align:start;\"><span style=\"color: rgb(0,0,0);background-color: rgb(255,255,255);font-size: 18px;font-family: Libre Baskerville\", serif;\">Young people deal with</span> <a href=\"https://cyberbullying.org/cyberbullying-statistics-age-gender-sexual-orientation-race\" target=\"_self\"><span style=\"color: rgb(75,75,78);background-color: rgb(255,255,255);font-size: 18px;font-family: Libre Baskerville\", serif;\"><ins>cyberbullying</ins></span></a> <span style=\"color: rgb(0,0,0);background-color: rgb(255,255,255);font-size: 18px;font-family: Libre Baskerville\", serif;\">and endless exposure to social media content</span> <a href=\"https://theconversation.com/mounting-research-documents-the-harmful-effects-of-social-media-use-on-mental-health-including-body-image-and-development-of-eating-disorders-206170\" target=\"_self\"><span style=\"color: rgb(75,75,78);background-color: rgb(255,255,255);font-size: 18px;font-family: Libre Baskerville\", serif;\"><ins>focused on body image</ins></span></a><span style=\"color: rgb(0,0,0);background-color: rgb(255,255,255);font-size: 18px;font-family: Libre Baskerville\", serif;\">.</span></p>\n<p style=\"text-align:start;\"><span style=\"color: rgb(0,0,0);background-color: rgb(255,255,255);font-size: 18px;font-family: Libre Baskerville\", serif;\">But what children and adolescents see online is not the only problem. Much of life still happens offline, and a lot of it is not good. Millions of young people deal every day with</span> <a href=\"https://ncsacw.acf.hhs.gov/research/child-welfare-and-treatment-statistics.aspx#\" target=\"_self\"><span style=\"color: rgb(75,75,78);background-color: rgb(255,255,255);font-size: 18px;font-family: Libre Baskerville\", serif;\"><ins>alcoholic, drug-abusing or neglectful parents</ins></span></a><span style=\"color: rgb(0,0,0);background-color: rgb(255,255,255);font-size: 18px;font-family: Libre Baskerville\", serif;\">; peers who</span> <a href=\"https://drugabusestatistics.org/teen-drug-use/\" target=\"_self\"><span style=\"color: rgb(75,75,78);background-color: rgb(255,255,255);font-size: 18px;font-family: Libre Baskerville\", serif;\"><ins>drink, vape and use drugs</ins></span></a><span style=\"color: rgb(0,0,0);background-color: rgb(255,255,255);font-size: 18px;font-family: Libre Baskerville\", serif;\">; violence at</span> <a href=\"https://www.cdc.gov/violenceprevention/communityviolence/index.html\" target=\"_self\"><span style=\"color: rgb(75,75,78);background-color: rgb(255,255,255);font-size: 18px;font-family: Libre Baskerville\", serif;\"><ins>their schools or in their streets</ins></span></a><span style=\"color: rgb(0,0,0);background-color: rgb(255,255,255);font-size: 18px;font-family: Libre Baskerville\", serif;\">; and overwhelmed caregivers – whether parents or others – preoccupied with financial or other personal problems.</span></p>\n<p style=\"text-align:start;\"><span style=\"color: rgb(0,0,0);background-color: rgb(255,255,255);font-size: 18px;font-family: Libre Baskerville\", serif;\">For an adolescent already struggling to make sense of the world, any one of these issues can be overwhelming.</span></p>\n<p style=\"text-align:start;\"><span style=\"color: rgb(0,0,0);background-color: rgb(255,255,255);font-size: 24px;font-family: Arial;\"><strong>Not enough time or money</strong></span></p>\n<p style=\"text-align:start;\"><span style=\"color: rgb(0,0,0);background-color: rgb(255,255,255);font-size: 18px;font-family: Libre Baskerville\", serif;\">The U.S. health care system does very little to support these children or their families. This pattern begins at the moment of birth, and it is baked into the system.</span></p>\n<p style=\"text-align:start;\"><span style=\"color: rgb(0,0,0);background-color: rgb(255,255,255);font-size: 18px;font-family: Libre Baskerville\", serif;\">Ideally, prospective parents or those who are pregnant would receive parenting classes that continue through the child’s developmental phases. That generally</span> <a href=\"https://www.gse.harvard.edu/ideas/ed-magazine/19/08/parent-approved\" target=\"_self\"><span style=\"color: rgb(75,75,78);background-color: rgb(255,255,255);font-size: 18px;font-family: Libre Baskerville\", serif;\"><ins>does not happen</ins></span></a><span style=\"color: rgb(0,0,0);background-color: rgb(255,255,255);font-size: 18px;font-family: Libre Baskerville\", serif;\">. Then, many new parents do not have</span> <a href=\"https://www.americanprogress.org/article/universal-home-visiting-models-can-support-newborns-families/\" target=\"_self\"><span style=\"color: rgb(75,75,78);background-color: rgb(255,255,255);font-size: 18px;font-family: Libre Baskerville\", serif;\"><ins>nursing and maternal care visits</ins></span></a> <span style=\"color: rgb(0,0,0);background-color: rgb(255,255,255);font-size: 18px;font-family: Libre Baskerville\", serif;\">or</span> <a href=\"https://www.pewresearch.org/short-reads/2019/12/16/u-s-lacks-mandated-paid-parental-leave/\" target=\"_self\"><span style=\"color: rgb(75,75,78);background-color: rgb(255,255,255);font-size: 18px;font-family: Libre Baskerville\", serif;\"><ins>paid parental leave</ins></span></a><span style=\"color: rgb(0,0,0);background-color: rgb(255,255,255);font-size: 18px;font-family: Libre Baskerville\", serif;\">. And for those families struggling financially, there is</span> <a href=\"https://doi.org/10.1007/s10826-022-02322-0\" target=\"_self\"><span style=\"color: rgb(75,75,78);background-color: rgb(255,255,255);font-size: 18px;font-family: Libre Baskerville\", serif;\"><ins>not an adequate safety net</ins></span></a><span style=\"color: rgb(0,0,0);background-color: rgb(255,255,255);font-size: 18px;font-family: Libre Baskerville\", serif;\">.</span></p>\n<p style=\"text-align:start;\"><span style=\"color: rgb(0,0,0);background-color: rgb(255,255,255);font-size: 18px;font-family: Libre Baskerville\", serif;\">Nor can some families afford mental health treatment to support their children’s needs.</span> <a href=\"https://www.nami.org/Support-Education/Publications-Reports/Public-Policy-Reports/The-Doctor-is-Out/DoctorIsOut\" target=\"_self\"><span style=\"color: rgb(75,75,78);background-color: rgb(255,255,255);font-size: 18px;font-family: Libre Baskerville\", serif;\"><ins>Many mental health providers don’t take insurance</ins></span></a> <span style=\"color: rgb(0,0,0);background-color: rgb(255,255,255);font-size: 18px;font-family: Libre Baskerville\", serif;\">and instead opt for out-of-pocket payments from patients. This is due to the low reimbursement rates from most insurers, which makes it very difficult to sustain a practice. Depending on the service, the cost could be anywhere from US$100 to $600 per session.</span></p>\n<p style=\"text-align:start;\"><span style=\"color: rgb(0,0,0);background-color: rgb(255,255,255);font-size: 18px;font-family: Libre Baskerville\", serif;\">To see providers that do take insurance, there are usually co-pays – typically between $20 to $50 a week. But it can often be challenging for the insured to find a suitable in-network provider to meet a child’s needs.</span></p>\n<p style=\"text-align:start;\"><span style=\"color: rgb(0,0,0);background-color: rgb(255,255,255);font-size: 18px;font-family: Libre Baskerville\", serif;\">The payments add up, particularly when mental health treatment takes many months, and sometimes years, to have an effect. There is a reason why it takes so long. Unlike medical doctors, mental health professionals do not simply make a diagnosis and provide medication or surgery. Instead, for treatments to work and to change the outcome for young people who are struggling, an ongoing – and lengthy –</span> <a href=\"https://www.apa.org/monitor/2019/11/ce-corner-relationships\" target=\"_self\"><span style=\"color: rgb(75,75,78);background-color: rgb(255,255,255);font-size: 18px;font-family: Libre Baskerville\", serif;\"><ins>relationship between the therapist and the patient is needed</ins></span></a><span style=\"color: rgb(0,0,0);background-color: rgb(255,255,255);font-size: 18px;font-family: Libre Baskerville\", serif;\">.</span></p>\n<p style=\"text-align:start;\"><span style=\"color: rgb(0,0,0);background-color: rgb(255,255,255);font-size: 18px;font-family: Libre Baskerville\", serif;\">Treating a child is significantly more difficult than treating an adult. That is, in part, because children are constantly developing and changing. But perhaps the most formidable challenges are the</span> <a href=\"https://doi.org/10.1186/s40723-021-00094-6\" target=\"_self\"><span style=\"color: rgb(75,75,78);background-color: rgb(255,255,255);font-size: 18px;font-family: Libre Baskerville\", serif;\"><ins>multiple entities</ins></span></a> <span style=\"color: rgb(0,0,0);background-color: rgb(255,255,255);font-size: 18px;font-family: Libre Baskerville\", serif;\">a child therapist may have to work with: caregivers, the school system, the courts and child welfare agencies. What’s more, getting a diagnosis, treatment or both often involves working with multiple providers, such as a primary care doctor, individual therapist, family-focused therapist and psychiatrist.</span></p>\n<p style=\"text-align:start;\"><span style=\"color: rgb(0,0,0);background-color: rgb(255,255,255);font-size: 18px;font-family: Libre Baskerville\", serif;\">In the institute where I work, the psychiatry department loses money on almost every patient we treat. If it weren’t for fundraising and fostering relationships with donors, the department could only provide care to a select few.</span></p>\n<p style=\"text-align:start;\"><span style=\"color: rgb(0,0,0);background-color: rgb(255,255,255);font-size: 24px;font-family: Arial;\"><strong>Possible solutions</strong></span></p>\n<p style=\"text-align:start;\"><span style=\"color: rgb(0,0,0);background-color: rgb(255,255,255);font-size: 18px;font-family: Libre Baskerville\", serif;\">Struggling children and teens in the U.S. need earlier interventions. Although schools are ideal places to teach social skills, they still do not offer enough activities to help young people</span> <a href=\"https://raisingchildren.net.au/school-age/behaviour/understanding-behaviour/resilience-how-to-build-it-in-children-3-8-years\" target=\"_self\"><span style=\"color: rgb(75,75,78);background-color: rgb(255,255,255);font-size: 18px;font-family: Libre Baskerville\", serif;\"><ins>develop resilience to cope with adversity</ins></span></a><span style=\"color: rgb(0,0,0);background-color: rgb(255,255,255);font-size: 18px;font-family: Libre Baskerville\", serif;\">.</span></p>\n<p style=\"text-align:start;\"><span style=\"color: rgb(0,0,0);background-color: rgb(255,255,255);font-size: 18px;font-family: Libre Baskerville\", serif;\">Sometimes, young patients see primary care doctors who don’t have enough training in this area. Telephone hotline programs, which offer these doctors free consultations from mental health professionals to help assess problems in young patients, should be available throughout the U.S. But right now,</span> <a href=\"https://www.rand.org/news/press/2019/07/15.html\" target=\"_self\"><span style=\"color: rgb(75,75,78);background-color: rgb(255,255,255);font-size: 18px;font-family: Libre Baskerville\", serif;\"><ins>only 19 states have such programs</ins></span></a><span style=\"color: rgb(0,0,0);background-color: rgb(255,255,255);font-size: 18px;font-family: Libre Baskerville\", serif;\">. One bright spot: The</span> <a href=\"https://theconversation.com/as-suicides-rise-in-the-us-the-988-hotline-offers-hope-but-most-americans-arent-aware-of-it-210356\" target=\"_self\"><span style=\"color: rgb(75,75,78);background-color: rgb(255,255,255);font-size: 18px;font-family: Libre Baskerville\", serif;\"><ins>988 Suicide and Crisis Lifeline</ins></span></a><span style=\"color: rgb(0,0,0);background-color: rgb(255,255,255);font-size: 18px;font-family: Libre Baskerville\", serif;\">, which launched in July 2022, is available 24/7.</span></p>\n<p style=\"text-align:start;\"><span style=\"color: rgb(0,0,0);background-color: rgb(255,255,255);font-size: 18px;font-family: Libre Baskerville\", serif;\">When a young person needs treatment, parents should prioritize finding a mental health provider right away. Asking the child’s primary doctor and school counselors for a reference is a good start. If the child is already on a waiting list, a parent or guardian should call the provider weekly to check in and make sure the child is not forgotten.</span></p>\n<p style=\"text-align:start;\"><span style=\"color: rgb(0,0,0);background-color: rgb(255,255,255);font-size: 18px;font-family: Libre Baskerville\", serif;\">The process can be discouraging and daunting, but in our current environment, which provides limited support, that’s the way it is. And without a heavy lift from parents, the child remains at great risk.</span></p>\n<p style=\"margin-left:0px;\"><span style=\"font-family: Arial;\"><br></span></p>", "created_at": "2024-05-24T09:36:36.407Z", "updated_at": "2024-05-24T09:36:36.407Z", "author": 23, "status": "draft"}}, {"model": "Posts.post", "pk": 26, "fields": {"title": "Kids’ mental health is in crisis. Here’s what psychologists are doing to help Research is focused on child and teen mental health, exploring why they are struggling and what can be done to help them", "content": "<p style=\"text-align:start;\"><span style=\"color: rgb(0,0,0);background-color: initial;font-size: 16px;font-family: Arial;\">The</span> <span style=\"color: rgb(0,0,0);background-color: initial;font-size: 16px;font-family: Arial;\">COVID-19 pandemic era ushered in a new set of challenges for youth in the United States, leading to a mental health crisis as declared by the United States surgeon general just over a year ago. But U.S. children and teens have been suffering for far longer.</span></p>\r\n<p style=\"text-align:start;\"><span style=\"color: rgb(0,0,0);background-color: initial;font-size: 18px;font-family: Arial;\">In the 10 years leading up to the pandemic, feelings of persistent sadness and hopelessness—as well as suicidal thoughts and behaviors—increased by about 40% among young people, according to the Centers for Disease Control and Prevention’s (CDC)</span> <a href=\"https://www.cdc.gov/healthyyouth/data/yrbs/index.htm\" target=\"_blank\"><span style=\"color: rgb(13,110,253);background-color: initial;font-size: 18px;font-family: Arial;\"><ins>Youth Risk Behavior Surveillance System</ins></span></a><span style=\"color: rgb(0,0,0);background-color: initial;font-size: 18px;font-family: Arial;\">.</span></p>\r\n<p style=\"text-align:start;\"><span style=\"color: rgb(0,0,0);background-color: initial;font-size: 18px;font-family: Arial;\">“We’re seeing really high rates of suicide and depression, and this has been going on for a while,” said psychologist Kimberly Hoagwood, PhD, a professor of child and adolescent psychiatry at New York University’s Grossman School of Medicine. “It certainly got worse during the pandemic.”</span></p>\r\n<p style=\"text-align:start;\"><span style=\"color: rgb(0,0,0);background-color: initial;font-size: 18px;font-family: Arial;\">In addition to the social isolation and academic disruption nearly all children and teens faced, many also lost caregivers to</span> <span style=\"color: rgb(0,0,0);background-color: initial;font-size: 18px;font-family: Arial;\">COVID-19, had a parent lose their job, or were victims of physical or emotional abuse at home.</span></p>\r\n<p style=\"text-align:start;\"><span style=\"color: rgb(0,0,0);background-color: initial;font-size: 18px;font-family: Arial;\">All these difficulties, on top of growing concerns about social media, mass violence, natural disasters, climate change, and political polarization—not to mention the normal ups and downs of childhood and adolescence—can feel insurmountable for those who work with kids.</span></p>\r\n<p style=\"text-align:start;\"><span style=\"color: rgb(0,0,0);background-color: initial;font-size: 18px;font-family: Arial;\">“The idea of a ‘mental health crisis’ is really broad. For providers and parents, the term can be anxiety-provoking,” said Melissa Brymer, PhD, who directs terrorism and disaster programs at the UCLA–Duke University National Center for Child Traumatic Stress. “Part of our role is to highlight specific areas that are critical in this discussion.”</span></p>\r\n<p style=\"text-align:start;\"><span style=\"color: rgb(0,0,0);background-color: initial;font-size: 18px;font-family: Arial;\">Across the field, psychologists are doing just that. In addition to studying the biological, social, and structural contributors to the current situation, they are developing and disseminating solutions to families, in schools, and at the state level. They’re exploring ways to improve clinical training and capacity and working to restructure policies to support the most vulnerable children and teens.</span></p>\r\n<p style=\"text-align:start;\"><span style=\"color: rgb(0,0,0);background-color: initial;font-size: 18px;font-family: Arial;\">Psychologists were also behind new mental health recommendations from the U.S. Preventive Services Task Force, a group of volunteer health professionals who evaluate evidence on various preventive health services. The task force now recommends regular anxiety screenings for youth ages 8 to 18 and regular depression screenings for adolescents ages 12 to 18.</span></p>\r\n<p style=\"text-align:start;\"><span style=\"color: rgb(0,0,0);background-color: initial;font-size: 18px;font-family: Arial;\">“I see these trends in children’s mental health problems as being critical, but there are solutions,” Hoagwood said. “If we refocus our efforts toward those solutions, we could see some of these tides turn.”</span></p>\r\n<p style=\"text-align:start;\"><span style=\"color: rgb(0,0,0);background-color: initial;font-size: 16px;font-family: Roboto, sans-serif;\"><strong>Sources of stress</strong></span></p>\r\n<p style=\"text-align:start;\"><span style=\"color: rgb(0,0,0);background-color: initial;font-size: 18px;font-family: Arial;\">Across the United States, more than 200,000 children</span> <a href=\"https://www.apa.org/monitor/2022/10/kids-covid-grief\" target=\"_self\"><span style=\"color: rgb(13,110,253);background-color: initial;font-size: 18px;font-family: Arial;\"><ins>lost a parent or primary caregiver</ins></span></a> <span style=\"color: rgb(0,0,0);background-color: initial;font-size: 18px;font-family: Arial;\">to</span> <span style=\"color: rgb(0,0,0);background-color: initial;font-size: 18px;font-family: Arial;\">COVID-19 (“COVID-19 Orphanhood,” Imperial College London, 2022). In the face of those losses, families had to curtail mourning rituals and goodbye traditions because of social distancing requirements and other public health measures, Brymer said. Many children are still grieving, sometimes while facing added challenges such as moving to a different home or transferring to a new school with unfamiliar peers.</span></p>\r\n<p style=\"text-align:start;\"><span style=\"color: rgb(0,0,0);background-color: initial;font-size: 16px;font-family: Roboto, sans-serif;\">The CDC also reports that during the pandemic, 29% of U.S. high school students had a parent or caregiver who lost their job, 55% were emotionally abused by a parent or caregiver, and 11% were physically abused (</span><a href=\"https://www.cdc.gov/mmwr/ind2022_su.html\" target=\"_blank\"><span style=\"color: rgb(0,0,0);background-color: initial;font-size: 16px;font-family: Roboto, sans-serif;\"><em><ins>Adolescent Behaviors and Experiences Survey—United States, January–June 2021</ins></em><ins>, CDC</ins></span></a><span style=\"color: rgb(0,0,0);background-color: initial;font-size: 16px;font-family: Roboto, sans-serif;\">).</span></p>\r\n<p style=\"text-align:start;\"><span style=\"color: rgb(0,0,0);background-color: initial;font-size: 18px;font-family: Arial;\">“Schools are crucial for keeping kids safe and connecting them with services, but the pandemic completely disrupted those kinds of supports,” Brymer said.</span></p>\r\n<p style=\"text-align:start;\"><span style=\"color: rgb(0,0,0);background-color: initial;font-size: 18px;font-family: Arial;\">Those extreme disruptions didn’t affect all young people equally. Echoing pre-COVID-19 trends, the CDC also found that girls, LGBTQ+ youth, and those who have experienced racism were more likely to have poor mental health during the pandemic, said social psychologist Kathleen Ethier, PhD, director of the CDC’s Division of Adolescent and School Health.</span></p>\r\n<p style=\"text-align:start;\"><span style=\"color: rgb(0,0,0);background-color: initial;font-size: 18px;font-family: Arial;\">Contributing factors likely include stigma, discrimination, and online bullying, Ethier said. Female students also report much higher levels of sexual violence than their male peers, which can further harm mental health.</span></p>\r\n<p style=\"text-align:start;\"><span style=\"color: rgb(33,37,41);background-color: initial;font-size: 18px;font-family: Roboto, sans-serif;\">As much hardship as</span> <span style=\"color: rgb(33,37,41);background-color: initial;font-size: 18px;font-family: Roboto, sans-serif;\">COVID-19 wrought, it’s far from the only factor contributing to the current crisis. Biology also appears to play a role. The age of puberty has been dropping for decades, especially in girls, likely leading to</span> <a href=\"https://www.apa.org/monitor/2016/03/puberty\" target=\"_self\"><span style=\"color: rgb(13,110,253);background-color: initial;font-size: 18px;font-family: Roboto, sans-serif;\"><ins>difficulty processing complex feelings</ins></span></a> <span style=\"color: rgb(33,37,41);background-color: initial;font-size: 18px;font-family: Roboto, sans-serif;\">and knowing what to do about them (</span><a href=\"https://doi.org/10.1001/jamapediatrics.2019.5881\" target=\"_blank\"><span style=\"color: rgb(13,110,253);background-color: initial;font-size: 18px;font-family: Roboto, sans-serif;\"><ins>Eckert-Lind, C., et al.,</ins></span> <span style=\"color: rgb(13,110,253);background-color: initial;font-size: 18px;font-family: Roboto, sans-serif;\"><em><ins>JAMA Pediatrics</ins></em><ins>, Vol. 174, No. 4, 2020</ins></span></a><span style=\"color: rgb(33,37,41);background-color: initial;font-size: 18px;font-family: Roboto, sans-serif;\">). In early puberty, regions of the brain linked to emotions and social behavior are developing more quickly than regions responsible for the cognitive control of behavior, such as the prefrontal cortex, Ethier said.</span></p>\r\n<p style=\"text-align:start;\"><span style=\"color: rgb(0,0,0);background-color: initial;font-size: 18px;font-family: Arial;\">Those developmental changes drive young people to</span> <a href=\"https://www.apa.org/news/apa/2022/social-media-children-teens\" target=\"_self\"><span style=\"color: rgb(13,110,253);background-color: initial;font-size: 18px;font-family: Arial;\"><ins>seek attention and approval from their peers</ins></span></a><span style=\"color: rgb(0,0,0);background-color: initial;font-size: 18px;font-family: Arial;\">. For some, using social media fulfills that need in a healthy way, providing opportunities for connection and validation to youth who may be isolated from peers, geographically or otherwise.</span></p>\r\n<p style=\"text-align:start;\"><span style=\"color: rgb(0,0,0);background-color: initial;font-size: 18px;font-family: Arial;\">For others, negative messages—including online bullying and unrealistic standards around physical appearance—appear to have a detrimental effect, but more research is needed to understand who is most at risk.</span></p>\r\n<p style=\"text-align:start;\"><span style=\"color: rgb(0,0,0);background-color: initial;font-size: 18px;font-family: Arial;\">“There is clearly some aspect of young people’s online life that’s contributing [to the mental health crisis], we just don’t know exactly what that is,” said Ethier.</span></p>\r\n<p style=\"text-align:start;\"><span style=\"color: rgb(0,0,0);background-color: initial;font-size: 18px;font-family: Arial;\">Finally, structural factors that affect millions of U.S. children, including poverty, food insecurity, homelessness, and lack of access to health care and educational opportunities, can lead to stress-response patterns that are known to underlie mental health challenges.</span></p>\r\n<p style=\"text-align:start;\"><span style=\"color: rgb(0,0,0);background-color: initial;font-size: 18px;font-family: Arial;\">“Even in very young children, prolonged stress can trigger a cycle of emotion-regulation problems, which can in turn lead to anxiety, depression, and behavioral difficulties,” Hoagwood said. “These things are well established, but we’re not doing enough as a field to address them.”</span></p>\r\n<p style=\"text-align:start;\"><span style=\"color: rgb(0,0,0);background-color: initial;font-size: 16px;font-family: Roboto, sans-serif;\"><strong>Building capacity in schools</strong></span></p>\r\n<p style=\"text-align:start;\"><span style=\"color: rgb(0,0,0);background-color: initial;font-size: 18px;font-family: Arial;\">The biggest challenge facing mental health care providers right now, experts say, is a shortage of providers trained to meet the mounting needs of children and adolescents.</span></p>\r\n<p style=\"text-align:start;\"><span style=\"color: rgb(0,0,0);background-color: initial;font-size: 18px;font-family: Arial;\">“There’s a growing recognition that mental health is just as important as physical health in young people’s development, but that’s happening just as mental health services are under extreme strain,” said clinical psychologist Robin Gurwitch, PhD, a professor in the Department of Psychiatry and Behavioral Sciences at Duke University Medical Center.</span></p>\r\n<p style=\"text-align:start;\"><span style=\"color: rgb(0,0,0);background-color: initial;font-size: 18px;font-family: Arial;\">Schools, for example, are a key way to reach and help children—but a</span> <a href=\"https://www.pewresearch.org/fact-tank/2022/08/10/just-over-half-of-u-s-public-schools-offer-mental-health-assessments-for-students-fewer-offer-treatment/\" target=\"_blank\"><span style=\"color: rgb(13,110,253);background-color: initial;font-size: 18px;font-family: Arial;\"><ins>2022 Pew Research Center survey</ins></span></a> <span style=\"color: rgb(0,0,0);background-color: initial;font-size: 18px;font-family: Arial;\">found that only about half of U.S. public schools offer mental health assessments and even fewer offer treatment services. Psychologists are now ramping up efforts to better equip schools to support student well-being onsite.</span></p>\r\n<p style=\"text-align:start;\"><span style=\"color: rgb(33,37,41);background-color: initial;font-size: 18px;font-family: Roboto, sans-serif;\">Much of that work involves changing policies at the school or district level to provide more support for all students. For example, school connectedness—the degree to which young people feel that adults and peers at school care about them and are invested in their success—is a key contributor to mental health. Youth who felt connected during middle and high school have fewer problems with substance use, mental health, suicidality, and risky sexual behavior as adults (</span><a href=\"https://doi.org/10.1542/peds.2018-3766\" target=\"_blank\"><span style=\"color: rgb(13,110,253);background-color: initial;font-size: 18px;font-family: Roboto, sans-serif;\"><ins>Steiner, R. J., et al.,</ins></span> <span style=\"color: rgb(13,110,253);background-color: initial;font-size: 18px;font-family: Roboto, sans-serif;\"><em><ins>Pediatrics</ins></em><ins>, Vol. 144, No. 1, 2019</ins></span></a><span style=\"color: rgb(33,37,41);background-color: initial;font-size: 18px;font-family: Roboto, sans-serif;\">).</span></p>\r\n<p style=\"text-align:start;\"><span style=\"color: rgb(0,0,0);background-color: initial;font-size: 18px;font-family: Arial;\">Through its</span> <a href=\"https://www.cdc.gov/healthyyouth/protective/school-connectedness/connectedness_schools.htm\" target=\"_blank\"><span style=\"color: rgb(13,110,253);background-color: initial;font-size: 18px;font-family: Arial;\"><ins>What Works in Schools program</ins></span></a><span style=\"color: rgb(0,0,0);background-color: initial;font-size: 18px;font-family: Arial;\">, the CDC funds school districts to make changes that research shows foster school connectedness. Those include improving classroom management, implementing service-learning programs for students in their communities, bringing mentors from the community into schools, and making schools safer and more supportive for LGBTQ+ students.</span></p>\r\n<p style=\"text-align:start;\"><span style=\"color: rgb(0,0,0);background-color: initial;font-size: 18px;font-family: Arial;\">Psychologists are also building training programs to help teachers and other school staff create supportive classrooms and aid students who are in distress.</span> <a href=\"https://www.classroomwise.org/\" target=\"_blank\"><span style=\"color: rgb(13,110,253);background-color: initial;font-size: 18px;font-family: Arial;\"><ins>Classroom</ins></span> <span style=\"color: rgb(13,110,253);background-color: initial;font-size: 18px;font-family: Arial;\"><ins>WISE</ins></span></a> <span style=\"color: rgb(0,0,0);background-color: initial;font-size: 18px;font-family: Arial;\">(Well-Being Information and Strategies for Educators), developed by the Mental Health Technology Transfer Center Network and the University of Maryland’s National Center for School Mental Health (NCSMH), is a free, flexible online course and resource library that draws on psychological research on social-emotional learning, behavioral regulation, mental health literacy, trauma, and more (</span><a href=\"https://static1.squarespace.com/static/601ca12e6df22c6353aaa6a5/t/618ec50f5d0a460eab55d2b8/1636746511826/ClassroomWISE+Evidence+Based+Components_Final.pdf\" target=\"_blank\"><span style=\"color: rgb(13,110,253);background-color: initial;font-size: 18px;font-family: Arial;\"><ins>Evidence-Based Components of Classroom</ins></span> <span style=\"color: rgb(13,110,253);background-color: initial;font-size: 18px;font-family: Arial;\"><ins>WISE</ins></span> <span style=\"color: rgb(13,110,253);background-color: initial;font-size: 18px;font-family: Arial;\"><ins>(PDF, 205KB), NCSMH, 2021</ins></span></a><span style=\"color: rgb(0,0,0);background-color: initial;font-size: 18px;font-family: Arial;\">).</span></p>\r\n<p style=\"text-align:start;\"><span style=\"color: rgb(0,0,0);background-color: initial;font-size: 18px;font-family: Arial;\">“We’re using evidence-based practices from child and adolescent mental health but making these strategies readily available for teachers to apply in the classroom,” said clinical psychologist Nancy Lever, PhD, codirector of NCSMH, who helped develop Classroom</span> <span style=\"color: rgb(0,0,0);background-color: initial;font-size: 18px;font-family: Arial;\">WISE.</span></p>\r\n<p style=\"text-align:start;\"><span style=\"color: rgb(0,0,0);background-color: initial;font-size: 18px;font-family: Arial;\">The course incorporates the voices of students and educators and teaches actionable strategies such as how to create rules and routines that make classrooms feel safe and how to model emotional self-regulation. The strategies can be used by anyone who interacts with students, from teachers and administrators to school nurses, coaches, and bus drivers.</span></p>\r\n<p style=\"text-align:start;\"><span style=\"color: rgb(0,0,0);background-color: initial;font-size: 18px;font-family: Arial;\">“What we need is to build capacity through all of the systems that are part of children’s lives—in families, in schools, in the education of everybody who interacts with children,” said psychologist Ann Masten, PhD, a professor of child development at the University of Minnesota.</span></p>\r\n<p style=\"text-align:start;\"><span style=\"color: rgb(0,0,0);background-color: initial;font-size: 18px;font-family: Arial;\">Other training efforts focus on the students themselves. Given that preteens and teenagers tend to seek support from their peers before turning to adults, the National Child Traumatic Stress Network (NCTSN) created conversation cards to equip kids with basic skills for talking about suicide. The advice, available in English and Spanish, includes how to ask about suicidal thoughts, how to listen without judgment, and when to seek guidance from an adult (</span><a href=\"https://www.nctsn.org/resources/talking-about-suicide-with-friends-and-peers\" target=\"_blank\"><span style=\"color: rgb(13,110,253);background-color: initial;font-size: 18px;font-family: Arial;\"><ins>Talking About Suicide With Friends and Peers, NCTSN, 2021</ins></span></a><span style=\"color: rgb(0,0,0);background-color: initial;font-size: 18px;font-family: Arial;\">).</span></p>\r\n<p style=\"text-align:start;\"><span style=\"color: rgb(0,0,0);background-color: initial;font-size: 18px;font-family: Arial;\">While training people across the school population to spot and address mental health concerns can help reduce the strain on mental health professionals, there will always be a subset of students who need more specialized support.</span></p>\r\n<p style=\"text-align:start;\"><span style=\"color: rgb(33,37,41);background-color: initial;font-size: 18px;font-family: Arial;\">Telehealth, nearly ubiquitous these days, is one of the best ways to do that. In South Carolina, psychologist Regan Stewart, PhD, and her colleagues colaunched the</span> <a href=\"https://telehealthfortrauma.com/\" target=\"_blank\"><span style=\"color: rgb(33,37,41);background-color: initial;font-size: 18px;font-family: Arial;\"><ins>Telehealth Outreach Program</ins></span></a> <span style=\"color: rgb(33,37,41);background-color: initial;font-size: 18px;font-family: Arial;\">at the Medical University of South Carolina in 2015. Today, nearly every school in the state has telehealth equipment (Wi-Fi and tablets or laptops that kids can use at school or take home) and access to providers (psychology and social work graduate students and clinicians trained in trauma-focused cognitive behavioral therapy). Students who need services, which are free thanks to grant funding or covered by Medicaid, meet one-on-one with their clinician during the school day or after hours (</span><a href=\"https://doi.org/10.1037/amp0000691\" target=\"_blank\"><span style=\"color: rgb(33,37,41);background-color: initial;font-size: 18px;font-family: Arial;\"><em><ins>American Psychologist</ins></em><ins>, Vol. 75, No. 8, 2020</ins></span></a><span style=\"color: rgb(33,37,41);background-color: initial;font-size: 18px;font-family: Arial;\">).</span></p>\r\n<p style=\"text-align:start;\"><span style=\"color: rgb(0,0,0);background-color: initial;font-size: 18px;font-family: Arial;\">“We learned a lot about the use of technology during the pandemic,” Ethier said. “At this point, it’s very much a matter of having sufficient resources so more school districts can access those sources of care.”</span></p>\r\n<p style=\"text-align:start;\"><span style=\"color: rgb(0,0,0);background-color: initial;font-size: 16px;font-family: Roboto, sans-serif;\"><strong>Expanding the workforce</strong></span></p>\r\n<p style=\"text-align:start;\"><span style=\"color: rgb(0,0,0);background-color: initial;font-size: 18px;font-family: Arial;\">Limited resources are leaving families low on options, with some young people making multiple trips to the emergency room for mental health-related concerns or spending</span> <a href=\"https://www.wbur.org/news/2021/06/22/massachusetts-long-waits-mental-health-children-er-visits\" target=\"_blank\"><span style=\"color: rgb(13,110,253);background-color: initial;font-size: 18px;font-family: Arial;\"><ins>more than six months on a waiting list</ins></span></a> <span style=\"color: rgb(0,0,0);background-color: initial;font-size: 18px;font-family: Arial;\">for mental health support. That points to a need for more trained emergency responders and psychiatric beds, psychologists say, but also for better upstream screening and prevention to reduce the need for intensive care.</span></p>\r\n<p style=\"text-align:start;\"><span style=\"color: rgb(0,0,0);background-color: initial;font-size: 18px;font-family: Arial;\">“Just as we need more capacity for psychiatric emergencies in kids, we also need an infusion of knowledge and ordinary strategies to support mental health on the positive side,” Masten said.</span></p>\r\n<p style=\"text-align:start;\"><span style=\"color: rgb(33,37,41);background-color: rgb(255,255,255);font-size: 18px;font-family: Arial;\">In New York, Hoagwood helped launch the state-funded</span> <a href=\"http://www.ideas4kidsmentalhealth.org/\" target=\"_blank\"><span style=\"color: rgb(33,37,41);background-color: rgb(255,255,255);font-size: 18px;font-family: Arial;\"><ins>Evidence Based Treatment Dissemination Center</ins></span></a> <span style=\"color: rgb(33,37,41);background-color: rgb(255,255,255);font-size: 18px;font-family: Arial;\">in 2006, which offers free training on evidence-based practices for trauma, behavioral and attention problems, anxiety, depression, and more to all mental health professionals who work with children in state-licensed programs, which include foster care, juvenile justice, and school settings, among others. The center provides training on a core set of tools known as</span> <a href=\"https://www.practicewise.com/\" target=\"_blank\"><span style=\"color: rgb(33,37,41);background-color: rgb(255,255,255);font-size: 18px;font-family: Arial;\"><ins>PracticeWise</ins></span></a> <span style=\"color: rgb(33,37,41);background-color: rgb(255,255,255);font-size: 18px;font-family: Arial;\">(</span><a href=\"https://doi.org/10.1037/a0014565\" target=\"_blank\"><span style=\"color: rgb(33,37,41);background-color: rgb(255,255,255);font-size: 18px;font-family: Arial;\"><ins>Chorpita, B. F., &amp; Daleiden E. L.,</ins></span> <span style=\"color: rgb(33,37,41);background-color: rgb(255,255,255);font-size: 18px;font-family: Arial;\"><em><ins>Journal of Consulting and Clinical Psychology</ins></em><ins>, Vol. 77, No. 3, 2009</ins></span></a><span style=\"color: rgb(33,37,41);background-color: rgb(255,255,255);font-size: 18px;font-family: Arial;\">). It also offers tailored training based on requests from community agency leaders and clinicians who provide services to children and their families.</span></p>\r\n<p style=\"text-align:start;\"><span style=\"color: rgb(0,0,0);background-color: initial;font-size: 18px;font-family: Arial;\">Hoagwood, in collaboration with a consortium of family advocates, state officials, and researchers, also helped build and test a state-approved training model and credentialing program for family and youth peer advocates. The peer advocate programs help expand the mental health workforce while giving families access to peers who have similar lived experience (<em>Psychiatric Services</em>, Vol. 71, No. 5, 2020).</span></p>\r\n<p style=\"text-align:start;\"><span style=\"color: rgb(0,0,0);background-color: initial;font-size: 18px;font-family: Arial;\">Youth peer advocates are young adults who have personal experience with systems such as foster care, juvenile justice, or state psychiatric care. They work within care teams to provide basic education and emotional support to other youth, such as giving advice on what questions to ask a new mental health practitioner and explaining the differences between psychologists, psychiatrists, and social workers. Youth peer advocates in New York can now receive college credit for their training in peer specialist work.</span></p>\r\n<p style=\"text-align:start;\"><span style=\"color: rgb(0,0,0);background-color: initial;font-size: 18px;font-family: Arial;\">“Making community health work into a viable career can also increase diversity among mental health workers and help us address structural racism,” Hoagwood said.</span></p>\r\n<p style=\"text-align:start;\"><span style=\"color: rgb(0,0,0);background-color: initial;font-size: 18px;font-family: Arial;\">Pediatricians are another group that can provide a first line of defense, drawing on their relationships with parents to destigmatize mental health care.</span></p>\r\n<p style=\"text-align:start;\"><span style=\"color: rgb(0,0,0);background-color: initial;font-size: 18px;font-family: Arial;\">“Pediatricians are in many ways uniquely positioned to help address the mental health crisis in youth,” said Janine A. Rethy, MD, MPH, division chief of community pediatrics at MedStar Georgetown University Hospital and an associate professor of pediatrics at Georgetown University School of Medicine. “We have the privilege of building long-term relationships with children and their families over many years,” with at least 12 well-child checkups in just the first three years of a child’s life, followed by annual visits.</span></p>\r\n<p style=\"text-align:start;\"><span style=\"color: rgb(0,0,0);background-color: initial;font-size: 18px;font-family: Arial;\">During these visits, they can watch for warning signs of social and behavioral problems and screen for maternal depression and other issues in parents, which is now</span> <a href=\"https://downloads.aap.org/AAP/PDF/periodicity_schedule.pdf\" target=\"_blank\"><span style=\"color: rgb(13,110,253);background-color: initial;font-size: 18px;font-family: Arial;\"><ins>recommended by the American Academy of Pediatrics (PDF, 660KB)</ins></span></a><span style=\"color: rgb(0,0,0);background-color: initial;font-size: 18px;font-family: Arial;\">. Several new resources provide guidance for integrating mental health care into pediatric practices, including the</span> <a href=\"https://www.ama-assn.org/system/files/bhi-compendium.pdf\" target=\"_blank\"><span style=\"color: rgb(13,110,253);background-color: initial;font-size: 18px;font-family: Arial;\"><ins>Behavioral Health Integration Compendium (PDF, 4.1MB)</ins></span></a> <span style=\"color: rgb(0,0,0);background-color: initial;font-size: 18px;font-family: Arial;\">and the</span> <a href=\"https://www.healthysteps.org/\" target=\"_blank\"><span style=\"color: rgb(13,110,253);background-color: initial;font-size: 18px;font-family: Arial;\"><ins>Healthy Steps program</ins></span></a><span style=\"color: rgb(0,0,0);background-color: initial;font-size: 18px;font-family: Arial;\">. But most pediatricians need more education on mental health issues in order to effectively respond, Rethy said—yet another area where psychologists may be able to help. Psychologists can</span> <a href=\"https://www.apa.org/monitor/2022/06/career-consultations-pediatricians\" target=\"_self\"><span style=\"color: rgb(13,110,253);background-color: initial;font-size: 18px;font-family: Arial;\"><ins>provide direct consultations and training to pediatricians</ins></span></a> <span style=\"color: rgb(0,0,0);background-color: initial;font-size: 18px;font-family: Arial;\">through the Pediatric Mental Health Care Access program.</span></p>\r\n<p style=\"text-align:start;\"><span style=\"color: rgb(0,0,0);background-color: initial;font-size: 18px;font-family: Arial;\">“The more we can weave mental health knowledge, capacity, and checkpoints into places where parents feel comfortable—like the doctor’s office and at school—the better,” Masten said. “All professionals who work with young people really need the knowledge that’s being generated by psychologists.”</span></p>", "created_at": "2024-05-24T09:58:34.902Z", "updated_at": "2024-06-01T00:28:26.686Z", "author": 24, "status": "draft"}}, {"model": "Posts.post", "pk": 27, "fields": {"title": "Feeling Overwhelmed with School and Social Life", "content": "Hi everyone, I'm a high school junior and lately, I've been feeling super overwhelmed. Between trying to keep up with my grades, extracurricular activities, and maintaining friendships, I feel like I'm constantly under pressure. I barely get any sleep and my anxiety levels are through the roof. Does anyone have tips on how to manage stress and balance everything? Any advice would be greatly appreciated.", "created_at": "2024-05-31T01:57:03.228Z", "updated_at": "2024-05-31T01:57:03.228Z", "author": 1, "status": "published"}}, {"model": "Posts.post", "pk": 28, "fields": {"title": "Struggling with Self-Esteem and Body Image", "content": "Hey guys, I'm 16 and I've been really struggling with my self-esteem and body image. I constantly compare myself to others and feel like I'm not good enough. Social media makes it even worse because it feels like everyone else has it all together. How do you deal with these feelings? Are there any strategies to build self-confidence? Thanks in advance.", "created_at": "2024-05-31T01:57:03.240Z", "updated_at": "2024-05-31T01:57:03.240Z", "author": 2, "status": "published"}}, {"model": "Posts.post", "pk": 29, "fields": {"title": "Dealing with Parents' Divorce", "content": "Hi, My parents are getting a divorce and I don't know how to handle it. It's been really tough on me and I feel like I'm stuck in the middle. I love them both and don't want to take sides, but the constant fighting and tension at home are really getting to me. Has anyone else gone through this? How did you cope? Any advice on how to get through this would be really helpful.", "created_at": "2024-05-31T01:57:03.246Z", "updated_at": "2024-05-31T01:57:03.246Z", "author": 3, "status": "published"}}, {"model": "Posts.post", "pk": 30, "fields": {"title": "Feeling Isolated and Lonely", "content": "Hello, I'm 15 and I often feel really isolated and lonely, even when I'm around people. I have friends at school, but I still feel like I don't really belong or fit in. It's hard to talk about these feelings with anyone because I don't want to seem needy or weird. Has anyone else experienced this? How do you deal with loneliness and find meaningful connections?", "created_at": "2024-05-31T01:57:03.249Z", "updated_at": "2024-05-31T01:57:03.249Z", "author": 4, "status": "published"}}, {"model": "Posts.post", "pk": 31, "fields": {"title": "Anxiety About the Future", "content": "Hey everyone, I'm 17 and I'm starting to get really anxious about the future. College applications are coming up, and I have no idea what I want to do with my life. It feels like everyone else has a plan and I'm just stuck. The uncertainty is really stressing me out and I don't know how to cope with it. Does anyone have tips on how to deal with anxiety about the future and making big decisions? Thanks for your help.", "created_at": "2024-05-31T01:57:03.252Z", "updated_at": "2024-05-31T01:57:03.252Z", "author": 5, "status": "published"}}, {"model": "Posts.post", "pk": 32, "fields": {"title": "Struggling with Depression", "content": "Hi, Lately, I've been feeling really down and unmotivated. I think I might be dealing with depression, but I'm not sure. I don't want to talk to my parents about it because I don't want to worry them. Has anyone else been through this? How did you get help? Any advice on what steps to take would be appreciated.", "created_at": "2024-05-31T01:57:03.257Z", "updated_at": "2024-05-31T01:57:03.257Z", "author": 6, "status": "published"}}, {"model": "Posts.post", "pk": 33, "fields": {"title": "Bullying at School", "content": "Hey, I'm being bullied at school and I don't know what to do. It's really affecting my self-esteem and making me dread going to school every day. I've tried ignoring it, but it just keeps getting worse. How do you handle bullying? Should I tell a teacher or my parents? I'm really scared and need some advice.", "created_at": "2024-05-31T01:57:03.259Z", "updated_at": "2024-05-31T01:57:03.259Z", "author": 7, "status": "published"}}, {"model": "Posts.post", "pk": 34, "fields": {"title": "Dealing with Social Anxiety", "content": "Hello, I have really bad social anxiety and it's making it hard for me to make friends or participate in class. I get so nervous that I feel like I'm going to faint. I've been avoiding social situations, but I know that's not the solution. Does anyone have tips on how to overcome social anxiety and become more confident?", "created_at": "2024-05-31T01:57:03.264Z", "updated_at": "2024-05-31T01:57:03.264Z", "author": 8, "status": "published"}}, {"model": "Posts.post", "pk": 35, "fields": {"title": "Coping with Loss", "content": "Hi, I recently lost a close family member and I'm having a really hard time coping with the grief. It's affecting my schoolwork and my relationships with friends. I feel like no one understands what I'm going through. How do you deal with loss and start to heal? Any support or advice would be really helpful.", "created_at": "2024-05-31T01:57:03.266Z", "updated_at": "2024-05-31T01:57:03.266Z", "author": 9, "status": "published"}}, {"model": "Posts.post", "pk": 36, "fields": {"title": "Pressure to Succeed", "content": "Hey everyone, I'm feeling a lot of pressure from my parents and teachers to succeed academically and get into a good college. It's overwhelming and I feel like I'm not good enough. The stress is starting to affect my health and my happiness. How do you handle high expectations and pressure to succeed? Any tips on managing stress and staying motivated?", "created_at": "2024-05-31T01:57:03.268Z", "updated_at": "2024-05-31T01:57:03.268Z", "author": 10, "status": "published"}}, {"model": "Posts.post", "pk": 37, "fields": {"title": "Struggling with Identity and Sexual Orientation", "content": "Hi everyone, I'm 17 and I've been questioning my sexual orientation for a while now. I feel really confused and scared because I don't know how my friends and family will react if I come out. I don't even fully understand what I'm feeling. Has anyone else gone through this? How did you figure out your identity and how did you come out to others? Any advice would be appreciated.", "created_at": "2024-05-31T01:57:03.272Z", "updated_at": "2024-05-31T01:57:03.272Z", "author": 11, "status": "published"}}, {"model": "Posts.post", "pk": 38, "fields": {"title": "Coping with Peer Pressure", "content": "Hey guys, I'm 16 and I've been feeling a lot of peer pressure lately to fit in with my friends. They often do things that I'm not comfortable with, like drinking and partying. I don't want to lose my friends, but I also don't want to do things that make me uncomfortable. How do you handle peer pressure and stay true to yourself? Any tips on saying no without losing friends?", "created_at": "2024-05-31T01:57:03.276Z", "updated_at": "2024-05-31T01:57:03.276Z", "author": 12, "status": "published"}}, {"model": "Posts.post", "pk": 39, "fields": {"title": "Dealing with Academic Failure", "content": "Hi, I recently failed an important exam and it's really affecting my confidence and motivation. I feel like a failure and I'm scared of disappointing my parents and teachers. I don't know how to bounce back from this and improve my grades. Has anyone else been in a similar situation? How did you overcome academic setbacks and get back on track?", "created_at": "2024-05-31T01:57:03.278Z", "updated_at": "2024-05-31T01:57:03.278Z", "author": 1, "status": "published"}}, {"model": "Posts.post", "pk": 40, "fields": {"title": "Struggling with Parental Expectations", "content": "Hello, I'm 15 and my parents have very high expectations for me. They want me to excel in everything, from academics to sports and extracurricular activities. I feel like I'm constantly under pressure and never good enough. It's starting to affect my mental health. How do you deal with high parental expectations and find a balance between making them happy and taking care of yourself?", "created_at": "2024-05-31T01:57:03.281Z", "updated_at": "2024-05-31T01:57:03.281Z", "author": 2, "status": "published"}}, {"model": "Posts.post", "pk": 41, "fields": {"title": "Dealing with a Breakup", "content": "Hey everyone, I just went through a really tough breakup and I'm finding it hard to move on. It feels like my world has fallen apart and I don't know how to deal with the pain and loneliness. I can't focus on anything and I feel really lost. Has anyone else gone through a breakup? How did you cope with it and eventually move on? Any advice would be really helpful.", "created_at": "2024-05-31T01:57:03.286Z", "updated_at": "2024-05-31T01:57:03.286Z", "author": 3, "status": "published"}}, {"model": "Posts.post", "pk": 42, "fields": {"title": "My Second Post", "content": "This is the content of my Second post.", "created_at": "2024-05-31T04:10:50.137Z", "updated_at": "2024-05-31T04:10:50.137Z", "author": 25, "status": "published"}}, {"model": "Posts.post", "pk": 43, "fields": {"title": "My Second Post", "content": "This is the content of my Second post.", "created_at": "2024-05-31T04:45:48.240Z", "updated_at": "2024-05-31T04:45:48.240Z", "author": 25, "status": "published"}}, {"model": "Posts.post", "pk": 44, "fields": {"title": "My Second Post", "content": "This is the content of my Second post.", "created_at": "2024-05-31T04:47:32.891Z", "updated_at": "2024-05-31T04:47:32.892Z", "author": 25, "status": "published"}}, {"model": "Users.professoravailability", "pk": 16, "fields": {"professor": 22, "available_time": "2024-05-27T10:00:00Z"}}, {"model": "Users.professoravailability", "pk": 17, "fields": {"professor": 22, "available_time": "2024-06-08T10:30:00Z"}}, {"model": "Users.professoravailability", "pk": 18, "fields": {"professor": 22, "available_time": "2024-05-29T10:00:00Z"}}, {"model": "Users.userrelation", "pk": 5, "fields": {"follower": 25, "following": 14, "created_at": "2024-05-27T03:46:13.772Z"}}, {"model": "Users.userrelation", "pk": 9, "fields": {"follower": 25, "following": 24, "created_at": "2024-05-27T04:57:28.313Z"}}, {"model": "Users.userrelation", "pk": 88, "fields": {"follower": 26, "following": 22, "created_at": "2024-05-31T06:06:50.210Z"}}, {"model": "Users.userrelation", "pk": 93, "fields": {"follower": 26, "following": 3, "created_at": "2024-05-31T09:44:12.570Z"}}, {"model": "Users.usertype", "pk": 1, "fields": {"type_name": "Normal_User", "description": "Normal_User"}}, {"model": "Users.usertype", "pk": 2, "fields": {"type_name": "Professor", "description": "Professor"}}, {"model": "Users.usertype", "pk": 3, "fields": {"type_name": "Admin", "description": ""}}, {"model": "Users.ws_user", "pk": 1, "fields": {"last_login": null, "username": "Andy", "email": "user1@example.com", "password": "pbkdf2_sha256$720000$TjGbYm4HDkeur8Q0VaqjUP$k2k0t8RKLOCgSEy6MIJ/iAyudADlNYgodMM1yaYtN5k=", "phone_number": "1-393-486-0521", "user_type": 1, "is_approved": true, "needs_review": false, "created_at": "2024-05-31T01:51:49.430Z", "avatar_path": "avatars/1003.jpg", "documents": "", "is_staff": false, "is_superuser": false, "is_active": true}}, {"model": "Users.ws_user", "pk": 2, "fields": {"last_login": null, "username": "Geoffrey_Kirlin0", "email": "user2@example.com", "password": "pbkdf2_sha256$720000$n4NyNwJhnDEE464E4s6OV6$54MA53ONDwI1sdqHwx23bYxAINyKLs/J9YUcSPbBbLM=", "phone_number": "753-3065 x8789", "user_type": 1, "is_approved": true, "needs_review": false, "created_at": "2023-07-14T15:54:29.811Z", "avatar_path": "avatars/1010.jpg", "documents": "", "is_staff": false, "is_superuser": false, "is_active": true}}, {"model": "Users.ws_user", "pk": 3, "fields": {"last_login": null, "username": "Florine_Sporer-Prohaska", "email": "user3@example.com", "password": "pbkdf2_sha256$720000$MHvaXfUWu2KXz8559E6huP$K28sYaaMGTce6Rax+9jD+JxM9HzNhUrAenhiM55udv4=", "phone_number": "1-669-749-3193", "user_type": 1, "is_approved": true, "needs_review": false, "created_at": "2024-05-31T01:51:51.193Z", "avatar_path": "avatars/1240.jpg", "documents": "", "is_staff": false, "is_superuser": false, "is_active": true}}, {"model": "Users.ws_user", "pk": 4, "fields": {"last_login": null, "username": "Gracie_Waelchi91", "email": "user4@example.com", "password": "pbkdf2_sha256$720000$LtXmhyot6o1HLC7yJTImHn$Y9Gfctd3BqkRoLVAHDX4dV/2WQyY6MaIokVnxl1LRQU=", "phone_number": "460-6279 x94123", "user_type": 1, "is_approved": true, "needs_review": false, "created_at": "2024-05-31T01:51:52.019Z", "avatar_path": "avatars/1002_ce9xYQh.jpg", "documents": "", "is_staff": false, "is_superuser": false, "is_active": true}}, {"model": "Users.ws_user", "pk": 5, "fields": {"last_login": null, "username": "Brad_Konopelski-Gutkowski", "email": "user5@example.com", "password": "pbkdf2_sha256$720000$ckdeodYpw4qYVKwgdq8iop$ijHR49TJLAiS0DX7EGirVJbckhPg4L1h9UTCSzFFhPw=", "phone_number": "969-6558 x89051", "user_type": 1, "is_approved": true, "needs_review": false, "created_at": "2024-05-31T01:51:52.818Z", "avatar_path": "avatars/888.jpg", "documents": "", "is_staff": false, "is_superuser": false, "is_active": true}}, {"model": "Users.ws_user", "pk": 6, "fields": {"last_login": null, "username": "Neoma.Beier-Schmeler55", "email": "user6@example.com", "password": "pbkdf2_sha256$720000$lv8bNRtOtdFeLwvNnmYvRk$PLdXlaL5YKgUq/NIpdoKtyighzD8DhqX/qH1viHxQ98=", "phone_number": "6375781689", "user_type": 1, "is_approved": true, "needs_review": false, "created_at": "2024-05-31T01:51:53.541Z", "avatar_path": "avatars/811.jpg", "documents": "", "is_staff": false, "is_superuser": false, "is_active": true}}, {"model": "Users.ws_user", "pk": 7, "fields": {"last_login": null, "username": "Orin_Herman", "email": "user7@example.com", "password": "pbkdf2_sha256$720000$KyNKeAFuSkJ0VCzPV3EWbv$atFOVv8m2mSDgQh3r0oD8g+GI+Jw+09TZ8cvIZWpHn8=", "phone_number": "1-867-572-6418", "user_type": 1, "is_approved": true, "needs_review": false, "created_at": "2024-05-31T01:51:54.348Z", "avatar_path": "avatars/807.jpg", "documents": "", "is_staff": false, "is_superuser": false, "is_active": true}}, {"model": "Users.ws_user", "pk": 8, "fields": {"last_login": null, "username": "Lonzo40", "email": "user8@example.com", "password": "pbkdf2_sha256$720000$E8w0rSBSXiGX6kCtJToOyT$Pt4Xj8dGwtpaSRFOucKLIz+8V972GKem9KYi7k3eIv0=", "phone_number": "429-5267 x284", "user_type": 1, "is_approved": true, "needs_review": false, "created_at": "2024-05-31T01:51:55.005Z", "avatar_path": "avatars/668.jpg", "documents": "", "is_staff": false, "is_superuser": false, "is_active": true}}, {"model": "Users.ws_user", "pk": 9, "fields": {"last_login": null, "username": "Jayson.Nitzsche0", "email": "user9@example.com", "password": "pbkdf2_sha256$720000$DdEGBq8Tkt2vSeDX5vyUzm$WE9eUFB8QenPivONkF7T6zx3Y0Ntm4zA1SVBLXSS0LY=", "phone_number": "718.544.9014", "user_type": 1, "is_approved": true, "needs_review": false, "created_at": "2024-05-31T01:51:55.780Z", "avatar_path": "avatars/666.jpg", "documents": "", "is_staff": false, "is_superuser": false, "is_active": true}}, {"model": "Users.ws_user", "pk": 10, "fields": {"last_login": null, "username": "Quinn_DAmore", "email": "user10@example.com", "password": "pbkdf2_sha256$720000$dShjqh2brLbh5omIpzAhMy$e3AlLjvB1crS1OmDUzdxKH+Q2ZJvYiMM9+DMEzRT8IA=", "phone_number": "346-6271 x038", "user_type": 1, "is_approved": true, "needs_review": false, "created_at": "2024-05-31T01:51:56.468Z", "avatar_path": "avatars/586.jpg", "documents": "", "is_staff": false, "is_superuser": false, "is_active": true}}, {"model": "Users.ws_user", "pk": 11, "fields": {"last_login": null, "username": "Amani12", "email": "user11@example.com", "password": "pbkdf2_sha256$720000$gR6KjrGhKq8wlF5zsZuvO5$WKFcXlQlM858lc6IoR+fNPIzTiZN/vlhqds12XFLl2w=", "phone_number": "785-4634 54711", "user_type": 1, "is_approved": true, "needs_review": false, "created_at": "2024-05-31T01:51:57.193Z", "avatar_path": "avatars/220.jpg", "documents": "", "is_staff": false, "is_superuser": false, "is_active": true}}, {"model": "Users.ws_user", "pk": 12, "fields": {"last_login": null, "username": "Reese5", "email": "user12@example.com", "password": "pbkdf2_sha256$720000$H1dC3zxO1fTUrPTpeFVEIU$OlxB2i+B6JY3rHV4g98N35HU5q+cyKREWxnecEL+XHI=", "phone_number": "(670) 657-4092", "user_type": 1, "is_approved": true, "needs_review": false, "created_at": "2024-05-31T01:51:57.862Z", "avatar_path": "avatars/1002.jpg", "documents": "", "is_staff": false, "is_superuser": false, "is_active": true}}, {"model": "Users.ws_user", "pk": 13, "fields": {"last_login": null, "username": "Charles D. Johnson, Jr.", "email": "johnson@example.com", "password": "pbkdf2_sha256$720000$iFSuFOe056JxAJcpWdwwul$r2oANORS4cwykHP17j0Wq2kJuYIvH9aP3Cq2Q00rui8=", "phone_number": "(678) 901-2345", "user_type": 2, "is_approved": true, "needs_review": false, "created_at": "2024-05-18T23:29:40.197Z", "avatar_path": "avatars/psychologist_6.jpg", "documents": "", "is_staff": false, "is_superuser": false, "is_active": true}}, {"model": "Users.ws_user", "pk": 14, "fields": {"last_login": null, "username": "Dr. Mohammad Mahdi Marvi", "email": "marvi@example.com", "password": "pbkdf2_sha256$720000$N0eYwn5Y9GrzOfSJCny0yP$BqLwyMgfdgNtvTgMOuEyfbwA+P2grLTc+ozZd1qN47w=", "phone_number": "(789) 012-3456", "user_type": 2, "is_approved": true, "needs_review": false, "created_at": "2024-05-18T23:29:40.925Z", "avatar_path": "avatars/psychologist_7.jpg", "documents": "", "is_staff": false, "is_superuser": false, "is_active": true}}, {"model": "Users.ws_user", "pk": 15, "fields": {"last_login": null, "username": "Emily Stapley", "email": "stapley@example.com", "password": "pbkdf2_sha256$720000$O1YYY8PY2lqmGxJVutczXa$HbeDMTygtUyKoigRhl82O7fykptVotDRNIkmiw0ucFA=", "phone_number": "(890) 123-4567", "user_type": 2, "is_approved": true, "needs_review": false, "created_at": "2024-05-18T23:29:42.584Z", "avatar_path": "avatars/psychologist_8.jpg", "documents": "", "is_staff": false, "is_superuser": false, "is_active": true}}, {"model": "Users.ws_user", "pk": 22, "fields": {"last_login": null, "username": "Misha Ketchell", "email": "Misha_Ketchell@exampe.com", "password": "pbkdf2_sha256$720000$1tBPZSFZQWK35RfseCQCGw$jz52TlAUxxJcst86X08aE98gW4pjnL0nowfnKz45QIc=", "phone_number": null, "user_type": 2, "is_approved": true, "needs_review": false, "created_at": "2024-05-24T08:27:22.911Z", "avatar_path": "avatars/psychologist_9.jpg", "documents": "", "is_staff": false, "is_superuser": false, "is_active": true}}, {"model": "Users.ws_user", "pk": 23, "fields": {"last_login": null, "username": "Steven Berkowitz", "email": "Steven_Berkowitz@example.com", "password": "pbkdf2_sha256$720000$H8xMOiW0Smb625nlC3skha$I5/ufP0reOzyCDnUKBadUUZuvMDQjCqmyQsB3EmPD3M=", "phone_number": null, "user_type": 2, "is_approved": true, "needs_review": false, "created_at": "2024-05-24T09:12:25.007Z", "avatar_path": "avatars/psychologist_10.jpg", "documents": "", "is_staff": false, "is_superuser": false, "is_active": true}}, {"model": "Users.ws_user", "pk": 24, "fields": {"last_login": null, "username": "Zara Abrams", "email": "Zara_Abrams@example.com", "password": "pbkdf2_sha256$720000$L41LR3oBIJ0lamsGZbWV42$5qP73NmgrImSAPS1Qn/XdPAKdThv4CMAPQoSi6RYABs=", "phone_number": null, "user_type": 2, "is_approved": true, "needs_review": false, "created_at": "2024-05-24T09:39:04.366Z", "avatar_path": "", "documents": "", "is_staff": false, "is_superuser": false, "is_active": true}}, {"model": "Users.ws_user", "pk": 25, "fields": {"last_login": null, "username": "kaixiang", "email": "kaixiang@example.com", "password": "pbkdf2_sha256$720000$FBa8EYrS5AADeS5eayaftr$VdqaRXRde1lEQ8PLPrUkqnJS9asoyeSEfeK/0QF9cS4=", "phone_number": null, "user_type": 1, "is_approved": true, "needs_review": false, "created_at": "2024-05-27T00:29:50.802Z", "avatar_path": "", "documents": "", "is_staff": false, "is_superuser": false, "is_active": true}}, {"model": "Users.ws_user", "pk": 26, "fields": {"last_login": null, "username": "kaixiang2", "email": "kaixiang0220@gmail.com", "password": "pbkdf2_sha256$720000$XFAwgvO39qnN4vMEyPhcCL$vZv4b1kPNrgJntY9q+bu4kKllsKvqCMl0nbNYxfE1N4=", "phone_number": "", "user_type": 1, "is_approved": true, "needs_review": false, "created_at": "2024-05-29T01:41:34.702Z", "avatar_path": "", "documents": "", "is_staff": false, "is_superuser": false, "is_active": true}}, {"model": "Users.ws_user", "pk": 27, "fields": {"last_login": "2024-05-31T01:45:42Z", "username": "new_admin", "email": "new_admin@example.com", "password": "pbkdf2_sha256$720000$BQaNIbjwicy3XuRNslfA2q$1pqTgpTmRdVVxG7nFI0wk+yUHoyr253Eez07bk/q0+g=", "phone_number": null, "user_type": 3, "is_approved": true, "needs_review": false, "created_at": "2024-05-31T01:45:09.961Z", "avatar_path": "", "documents": "", "is_staff": true, "is_superuser": true, "is_active": true}}, {"model": "Users.ws_user", "pk": 28, "fields": {"last_login": null, "username": "professoruser1", "email": "professoruser1@example.com", "password": "pbkdf2_sha256$720000$Z53gQw694er0NMislu1Aed$ES1gy3VEL3/II1TEuhSnuOEeroc3spJAfaBvfphJaoM=", "phone_number": null, "user_type": 2, "is_approved": false, "needs_review": true, "created_at": "2024-05-31T08:13:07.069Z", "avatar_path": "", "documents": "documents/text-1.txt", "is_staff": false, "is_superuser": false, "is_active": false}}, {"model": "Videos.video", "pk": 1, "fields": {"title": "Australia's youth", "src": "https://www.youtube.com/watch?v=O_GkNOlL4ys", "thumbnail": "https://img.youtube.com/vi/O_GkNOlL4ys/0.jpg"}}, {"model": "Videos.video", "pk": 2, "fields": {"title": "Talking about mental health with young people – stigma", "src": "https://www.youtube.com/watch?v=5VlEqPKTc3c", "thumbnail": "https://img.youtube.com/vi/5VlEqPKTc3c/0.jpg"}}, {"model": "Videos.video", "pk": 3, "fields": {"title": "Mindfulness for High School Students | Child Mind Institute", "src": "https://www.youtube.com/watch?v=kVcVMFNvrLc", "thumbnail": "https://img.youtube.com/vi/kVcVMFNvrLc/0.jpg"}}, {"model": "Videos.video", "pk": 4, "fields": {"title": "Relaxation Skills for Middle School Students: How to Cope with Stress and Anxiety", "src": "https://www.youtube.com/watch?v=HG3hB8PE2f8", "thumbnail": "https://img.youtube.com/vi/HG3hB8PE2f8/0.jpg"}}, {"model": "Videos.video", "pk": 5, "fields": {"title": "Conquering exam stress: lessons from our bodies", "src": "https://www.youtube.com/watch?v=-RZ86OB9hw4", "thumbnail": "https://img.youtube.com/vi/-RZ86OB9hw4/0.jpg"}}, {"model": "Videos.video", "pk": 6, "fields": {"title": "Top 10 tips to maintain your mental health", "src": "https://www.youtube.com/watch?v=-OAjfrhuwRk", "thumbnail": "https://img.youtube.com/vi/-OAjfrhuwRk/0.jpg"}}, {"model": "Videos.video", "pk": 7, "fields": {"title": "The 5-4-3-2-1 Method: A Grounding Exercise to Manage Anxiety", "src": "https://www.youtube.com/watch?v=30VMIEmA114", "thumbnail": "https://img.youtube.com/vi/30VMIEmA114/0.jpg"}}, {"model": "Videos.video", "pk": 8, "fields": {"title": "5-Minute Meditation You Can Do Anywhere", "src": "https://www.youtube.com/watch?v=inpok4MKVLM", "thumbnail": "https://img.youtube.com/vi/inpok4MKVLM/0.jpg"}}, {"model": "Videos.video", "pk": 9, "fields": {"title": "We All Have Mental Health", "src": "https://www.youtube.com/watch?v=DxIDKZHW3-E", "thumbnail": "https://img.youtube.com/vi/DxIDKZHW3-E/0.jpg"}}]